Model,Accuracy,Precision,Recall,F1-Score,ROC-AUC,Specificity
Logistic Regression,0.7614457831325301,0.9577922077922078,0.7742782152230971,0.8563134978229318,0.7602285008491585,0.6176470588235294
Random Forest,0.9204819277108434,0.9202898550724637,1.0,0.9584905660377359,0.8041145592095105,0.029411764705882353
