model,accuracy,precision,recall,f1,roc_auc
Logistic Regression,0.9156626506024096,0.9325,0.979002624671916,0.9551856594110115,0.7942720395244712
Random Forest,0.9180722891566265,0.9180722891566265,1.0,0.957286432160804,0.8079743708507026
Gradient Boosting,0.9349397590361446,0.9338235294117647,1.0,0.9657794676806084,0.7774432607688745
